tanggal,ulasan,sentimen
2025-01-02,Pelayanan di PMI Kota Cirebon sangat cepat dan petugasnya ramah.,Positif
2025-01-02,"Pelayanan sangat jelek dan buruk, petugas lambat menangani antrean.",Negatif
2025-01-02,Saya donor darah rutin di sini. Pelayanan standar dan berjalan seperti biasa.,Netral
2025-01-03,Fasilitas ruang tunggu sangat nyaman dan bersih.,Positif
2025-01-03,Kondisi ruang tunggu kotor dan sangat mengecewakan bagi pendonor.,Negatif
2025-01-04,Proses pendaftaran cepat dan petugas bekerja sangat baik.,Positif
2025-01-04,Saya kecewa dengan sikap kasar petugas di loket.,Negatif
2025-01-05,Kondisi ruang donor cukup baik. Tidak ada keluhan.,Netral
2025-01-05,Layanan prima! Proses tidak sampai 30 menit sudah selesai.,Positif
2025-01-06,Sistem antrean sangat buruk dan membuat waktu tunggu menjadi lama.,Negatif
2025-01-06,PMI Kota Cirebon selalu memberikan pelayanan terbaik.,Positif
2025-01-07,"Petugas kurang ramah, pelayanan jelek dan sangat mengecewakan.",Negatif
2025-01-07,Hanya mampir untuk donor darah. Prosesnya standar saja.,Netral
2025-01-08,Proses pengambilan darah sangat profesional dan tidak sakit.,Positif
2025-01-08,Fasilitas toilet kotor dan kondisi pelayanan cukup parah hari ini.,Negatif
2025-01-09,Dokter dan perawat sangat ramah dan sabar menjelaskan prosedur.,Positif
2025-01-09,Respons petugas lambat sehingga pengalaman donor sangat buruk.,Negatif
2025-01-10,Hari ini donor darah ke-10 saya. Berjalan normal.,Netral
2025-01-10,Sangat puas dengan pelayanan donor darah hari ini. Mantap.,Positif
2025-01-11,"Pelayanan sangat mengecewakan, ruang observasi kotor dan tidak nyaman.",Negatif
2025-01-11,Tempatnya bersih dan petugasnya sangat membantu.,Positif
2025-01-12,Antrean panjang dibiarkan tanpa arahan dari petugas.,Negatif
2025-01-12,Fasilitas mencukupi untuk proses donor darah rutin bulanan.,Netral
2025-01-13,Cepat tanggap dan proses tensi darah dilakukan dengan sangat baik.,Positif
2025-01-13,Kualitas pelayanan buruk dan penanganan keluhan sangat lambat.,Negatif
2025-01-14,Apresiasi untuk petugas yang sangat edukatif saat screening donor.,Positif
2025-01-14,"Pengalaman donor parah, fasilitas kotor dan pelayanan tidak profesional.",Negatif
2025-01-15,Kunjungan ini cukup biasa dengan pelayanan yang normal.,Netral
2025-01-15,"Layanan top, ruang bersih, dan proses donor cepat.",Positif
2025-01-16,"Pelayanan hari ini sangat jelek, buruk, dan mengecewakan.",Negatif
2025-01-16,Pelayanan petugas lab sangat cekatan dan hasilnya cepat keluar.,Positif
2025-01-17,Terlalu lama menunggu giliran dipanggil ke bed donor.,Negatif
2025-01-17,"Tidak ada yang spesial, semuanya sesuai prosedur.",Netral
2025-01-18,Selalu senang donor di sini karena petugasnya penuh empati.,Positif
2025-01-18,Petugas kurang informatif ketika ditanya syarat donor apheresis.,Negatif
2025-01-19,Pelayanan cepat tidak perlu antre panjang hari minggu ini.,Positif
2025-01-19,Bingkisan yang diberikan kurang bervariasi dibanding tahun lalu.,Negatif
2025-01-20,Biasa saja tidak ada yang istimewa dari pelayanannya.,Netral
2025-01-20,Kebersihan bed donor sangat dijaga dan selalu diganti alasnya.,Positif
2025-01-21,Petugas screening terkesan jutek dan kurang senyum.,Negatif
2025-01-21,Sangat efisien dari mulai daftar sampai selesai donor.,Positif
2025-01-22,Pelayanan parah karena petugas kurang ramah dan tidak sigap.,Negatif
2025-01-22,Pelayanan standar dan proses berjalan seperti biasa.,Netral
2025-01-23,Petugas sangat ramah melayani saya yang baru pertama kali donor.,Positif
2025-01-23,Ruangan terlalu sempit waktu banyak yang mengantre bersamaan.,Negatif
2025-01-24,Sangat profesional dalam menangani pendonor yang sempat pusing.,Positif
2025-01-24,Lambat sekali pelayanannya padahal saya sedang buru-buru.,Negatif
2025-01-25,Prosedur berjalan sesuai standar operasional yang ada.,Netral
2025-01-25,Saya sangat apresiasi kebersihan toilet dan ruang tunggu PMI.,Positif
2025-01-26,Sistem pemanggilan antrean suaranya kurang terdengar jelas.,Negatif
2025-01-26,Petugas dengan sigap membantu mengambilkan minum setelah donor.,Positif
2025-01-27,Agak kecewa dengan lamanya proses cek tensi darah.,Negatif
2025-01-27,Tidak ada masalah sejauh ini saya sering donor di sini.,Netral
2025-01-28,Pengalaman donor darah yang menyenangkan. Terus tingkatkan.,Positif
2025-01-28,Petugas kurang tanggap saat saya menanyakan jadwal mobil unit keliling.,Negatif
2025-01-29,Sangat cepat tanpa kendala langsung masuk ke ruang donor.,Positif
2025-01-29,Sirkulasi udara di ruang tunggu tolong diperhatikan lagi agar tidak pengap.,Negatif
2025-01-30,Semua berjalan seperti biasa tanpa perubahan berarti.,Netral
2025-01-30,Daya tanggap petugas sangat baik dan langsung mengarahkan pendonor.,Positif
2025-01-31,Saya harus antre dua kali karena sistem komputer sempat mati.,Negatif
2025-01-31,Fasilitas pelayanan sangat memadai dan petugasnya sangat terampil.,Positif
2025-01-31,Pelayanan lumayan sesuai dengan harapan biasa.,Netral
2025-02-01,Sangat nyaman donor di sini fasilitasnya sangat bersih dan memadai.,Positif
2025-02-01,Proses berjalan seperti biasa saya rutin donor per 3 bulan.,Netral
2025-02-02,Proses donor lambat dan respons petugas sangat mengecewakan.,Negatif
2025-02-02,Ruangan bersih dan AC dingin bikin pendonor merasa nyaman.,Positif
2025-02-03,Pengambilan darah sangat cepat dan minim rasa sakit.,Positif
2025-02-03,"Antrean panjang, sistem lelet, dan petugas tidak sigap.",Negatif
2025-02-04,Tidak ada kendala pelayanan berjalan dengan standar operasional yang ada.,Netral
2025-02-04,Petugas pendaftaran sangat informatif menjelaskan alur donor.,Positif
2025-02-05,Sayang sekali stok bingkisan habis padahal saya datang lebih awal.,Negatif
2025-02-05,Selalu puas dengan fasilitas PMI Kota Cirebon yang semakin baik.,Positif
2025-02-06,Dokternya ramah dan sangat teliti saat memeriksa tekanan darah saya.,Positif
2025-02-06,Pelayanan lambat sepertinya sedang kekurangan petugas hari ini.,Negatif
2025-02-07,Hanya mampir untuk donor darah sepulang kerja. Pelayanan normal.,Netral
2025-02-07,Sangat efisien dari daftar sampai selesai hanya butuh waktu sebentar.,Positif
2025-02-08,Petugas pengambilan darah terkesan terburu-buru dan kurang ramah.,Negatif
2025-02-08,Sangat terbantu dengan arahan petugas yang komunikatif.,Positif
2025-02-09,Hari ini donor darah berjalan seperti biasa tanpa hambatan.,Netral
2025-02-09,Fasilitas tempat tidur sangat nyaman dan bersih.,Positif
2025-02-10,Lama sekali menunggu hasil cek HB tolong dipercepat.,Negatif
2025-02-10,Kualitas pelayanan patut diacungi jempol. Terima kasih PMI.,Positif
2025-02-11,Senang bisa donor di sini karena petugasnya ramah dan murah senyum.,Positif
2025-02-11,Ruang tunggu sangat pengap kipas atau AC sepertinya mati.,Negatif
2025-02-12,Pengalaman donor biasa saja tetapi tetap berjalan.,Netral
2025-02-12,Sangat terorganisir dengan baik tidak ada penumpukan antrean.,Positif
2025-02-13,Jarumnya dipasang kurang pas sehingga tangan saya agak memar.,Negatif
2025-02-13,Respons petugas sangat cepat ketika saya merasa sedikit pusing.,Positif
2025-02-14,Kebersihan lingkungan gedung sangat terjaga. Nyaman sekali.,Positif
2025-02-14,Kecewa karena pelayanan ditutup lebih awal padahal jam operasional belum habis.,Negatif
2025-02-15,Prosedur screening dilakukan dengan standar yang biasa diterapkan.,Netral
2025-02-15,Layanan prima petugas dengan sabar melayani banyak pendonor.,Positif
2025-02-16,Sistem pemanggilan tidak urut banyak yang baru datang malah dipanggil duluan.,Negatif
2025-02-16,Tempat parkir tertata rapi dan satpamnya membantu mengarahkan.,Positif
2025-02-17,Standar saja sama seperti pengalaman donor saya sebelumnya.,Netral
2025-02-17,Proses donor sangat lancar petugas sangat terampil mencari letak vena.,Positif
2025-02-18,Ada beberapa petugas yang asyik mengobrol sendiri sehingga pendonor dicuekin.,Negatif
2025-02-18,Secara keseluruhan pelayanan memuaskan dan fasilitas lengkap.,Positif
2025-02-19,Sangat apresiasi dengan keramahan semua staf di PMI Kota Cirebon.,Positif
2025-02-19,Banyak loket administrasi yang tutup padahal antrean sedang panjang.,Negatif
2025-02-20,Tidak ada masalah pelayanan standar pelayanan publik pada umumnya.,Netral
2025-02-20,Ruangannya wangi dan higienis bikin tidak ragu untuk donor rutin.,Positif
2025-02-21,Kurang nyaman dengan suara petugas yang memanggil antrean dengan nada keras.,Negatif
2025-02-21,Cepat tanggap dan prosesnya tidak bertele-tele. Luar biasa.,Positif
2025-02-22,Petugas screening sangat edukatif memberikan informasi kesehatan.,Positif
2025-02-22,"Fasilitas kotor, bau, dan kualitas pelayanan jelek.",Negatif
2025-02-23,Biasa saja pelayanannya cukup untuk standar UDD.,Netral
2025-02-23,Fasilitas tunggu dilengkapi air minum yang mudah diakses sangat bagus.,Positif
2025-02-24,Saya kecewa menunggu lama untuk pelayanan yang sangat lambat.,Negatif
2025-02-24,Selalu memberikan pengalaman donor yang menyenangkan dan aman.,Positif
2025-02-24,Proses pengecekan kesehatan berjalan normal.,Netral
2025-02-25,Tenaga medis sangat profesional dan mematuhi protokol sterilisasi.,Positif
2025-02-25,Tolong petugas loket lebih ramah lagi saat menjawab pertanyaan.,Negatif
2025-02-25,Tidak terasa sakit sama sekali saat donor petugasnya hebat.,Positif
2025-02-26,Layanan yang diberikan sama seperti bulan-bulan lalu.,Netral
2025-02-26,Sangat memuaskan antrean tertib dan kursi tunggunya banyak.,Positif
2025-02-26,Agak kecewa karena alat cek HB sempat bermasalah sehingga jadi lama.,Negatif
2025-02-27,Semua staf sangat membantu dan mengarahkan dengan baik.,Positif
2025-02-27,Saya merasa diabaikan di ruang tunggu karena tidak ada kejelasan urutan.,Negatif
2025-02-27,PMI Kota Cirebon the best! Layanannya sangat prima.,Positif
2025-02-28,Selesai donor tepat waktu pelayanan berjalan standar.,Netral
2025-02-28,Fasilitasnya top pelayanan cepat sukses selalu untuk PMI.,Positif
2025-02-28,Bingkisan snacknya basi mohon diperhatikan kembali masa kedaluwarsanya.,Negatif
2025-03-01,Pelayanan mantap dan cepat. Petugasnya sangat ramah.,Positif
2025-03-01,Seperti biasa saya donor rutin di sini. Proses standar.,Netral
2025-03-02,Antrean terlalu panjang karena loket pendaftaran cuma buka satu.,Negatif
2025-03-02,Fasilitas nyaman dan bersih. Saya sangat puas.,Positif
2025-03-03,Pengambilan darah tidak terasa sakit sama sekali. Hebat.,Positif
2025-03-03,Sangat lambat pelayanannya hari ini. Kecewa sekali.,Negatif
2025-03-04,Tidak ada kendala. Pelayanan berjalan lancar.,Netral
2025-03-04,Petugas sangat tanggap dan informatif kepada pendonor.,Positif
2025-03-05,Ruang tunggu panas dan AC sepertinya mati.,Negatif
2025-03-05,Prosedur berjalan cepat dan tidak bertele-tele.,Positif
2025-03-06,Layanan the best PMI Kota Cirebon selalu di hati.,Positif
2025-03-06,Kualitas kebersihan jelek karena banyak area kotor dan bau.,Negatif
2025-03-07,Rutinitas donor 3 bulanan saya. Semua berjalan normal.,Netral
2025-03-07,Dokternya sangat edukatif memberikan saran kesehatan.,Positif
2025-03-08,Lama di bagian tensi darah padahal yang antre sedikit.,Negatif
2025-03-08,Sangat efisien. Datang langsung ditangani dengan baik.,Positif
2025-03-09,Hanya donor darah karena kebetulan lewat. Pelayanan cukup baik.,Netral
2025-03-09,Kebersihan bed donor sangat dijaga. Bikin nyaman.,Positif
2025-03-10,Saya melihat petugas tidak mengganti sarung tangan saat menangani pendonor sebelah saya. Ini sangat fatal untuk sterilitas!,Negatif
2025-03-10,Petugas langsung sigap saat saya agak pusing usai donor.,Positif
2025-03-11,Sangat terorganisir dengan rapi dari awal sampai akhir.,Positif
2025-03-11,Proses pendaftaran buruk karena komputer lelet dan sering gagal.,Negatif
2025-03-12,Donor darah berjalan lancar tidak ada yang spesial.,Netral
2025-03-12,Sangat apresiasi keramahan petugas pendaftaran.,Positif
2025-03-13,Jarum suntik dipasang kurang pas jadi agak memar.,Negatif
2025-03-13,Selalu senang berdonor di PMI sini. Layanannya top.,Positif
2025-03-14,Ruangan sangat bersih dan wanginya menenangkan.,Positif
2025-03-14,"Pelayanan parah, buruk, dan jauh dari harapan pendonor.",Negatif
2025-03-15,Biasa saja. Standar operasional terpenuhi.,Netral
2025-03-15,Terima kasih PMI Cirebon. Pelayanannya sangat memuaskan.,Positif
2025-03-16,Pelayanan sangat lambat. Mohon diperbaiki kinerjanya.,Negatif
2025-03-16,Daya tanggap petugas luar biasa. Sangat membantu.,Positif
2025-03-17,Suasana wajar dan proses donor berjalan seperti biasa.,Netral
2025-03-17,Tempat parkir luas dan aman. Fasilitas lengkap.,Positif
2025-03-18,Kecewa dengan lamanya proses screening awal.,Negatif
2025-03-18,Petugas sabar menjawab semua pertanyaan saya.,Positif
2025-03-19,Sangat cepat. Kurang dari setengah jam sudah beres.,Positif
2025-03-19,Suasana ruang tunggu berisik karena petugas ngobrol sendiri.,Negatif
2025-03-20,Tidak ada komplain. Proses donor selesai tepat waktu.,Netral
2025-03-20,Prosedurnya sangat jelas dan mudah dipahami.,Positif
2025-03-21,Kantong darah saya dibiarkan di meja biasa tidak langsung masuk coolbox pendingin setelah diambil. Kualitasnya bisa rusak tolong ikuti SOP!,Negatif
2025-03-21,Sangat memuaskan. Kursi tunggu cukup banyak dan nyaman.,Positif
2025-03-22,Tenaga medis bekerja sangat profesional dan higienis.,Positif
2025-03-22,Antrean di bagian lab darah sangat lama dan menumpuk.,Negatif
2025-03-23,"Pelayanan lumayan, tidak ada keluhan penting.",Netral
2025-03-23,Makanan ringan setelah donor sangat enak dan bervariasi.,Positif
2025-03-24,Sistem pemanggilan kurang keras suaranya.,Negatif
2025-03-24,"Pelayanan cepat, fasilitas bagus, dan pengalaman memuaskan.",Positif
2025-03-25,Proses cek HB lancar tanpa kendala.,Netral
2025-03-25,Petugas pendaftaran sangat responsif melayani keluhan.,Positif
2025-03-25,"Pengalaman donor biasa saja, tidak ada yang spesial.",Netral
2025-03-26,Fasilitasnya sangat mendukung kenyamanan pendonor.,Positif
2025-03-26,Kecewa pelayanan tutup lebih cepat dari jadwal.,Negatif
2025-03-26,Sangat salut dengan dedikasi para petugas PMI.,Positif
2025-03-27,"Petugasnya ramah, sopan, dan sangat membantu.",Positif
2025-03-27,Saya datang langsung dilayani. Biasa saja.,Netral
2025-03-27,Jarum terasa sakit dan bekasnya bengkak.,Negatif
2025-03-28,Petugas sigap memberi air saat saya pusing.,Positif
2025-03-28,Ruang observasi nyaman sekali.,Positif
2025-03-29,Sangat lambat penanganannya saat ramai pengunjung.,Negatif
2025-03-30,Semuanya sudah berjalan sesuai standar pelayanan UDD.,Netral
2025-03-31,Saya sangat puas mendonorkan darah di PMI Cirebon.,Positif
